1500, 192.168.8.5, 1200, 192.168.8.2, 1000, 100, 65535
2000, 192.168.8.5, 1200, 192.168.8.2, 1000, 101, 65535
2500, 192.168.8.5, 1200, 192.168.8.2, 1000, 102, 65535
3000, 192.168.8.5, 1200, 192.168.8.2, 1000, 103, 65535
3500, 192.168.8.5, 1200, 192.168.8.2, 1000, 104, 65535
4000, 192.168.8.5, 1200, 192.168.8.2, 1000, 105, 65535
4500, 192.168.8.5, 1200, 192.168.8.2, 1000, 106, 65535
5000, 192.168.8.5, 1200, 192.168.8.2, 1000, 107, 65535
5500, 192.168.8.5, 1200, 192.168.8.2, 1000, 108, 65535
6000, 192.168.8.5, 1200, 192.168.8.2, 1000, 109, 65535
6500, 192.168.8.5, 1200, 192.168.8.2, 1000, 110, 65535
7000, 192.168.8.5, 1200, 192.168.8.2, 1000, 111, 65535
7500, 192.168.8.5, 1200, 192.168.8.2, 1000, 112, 65535
8000, 192.168.8.5, 1200, 192.168.8.2, 1000, 113, 65535
8500, 192.168.8.5, 1200, 192.168.8.2, 1000, 114, 65535
9000, 192.168.8.5, 1200, 192.168.8.2, 1000, 115, 65535
9500, 192.168.8.5, 1200, 192.168.8.2, 1000, 116, 65535
10000, 192.168.8.5, 1200, 192.168.8.2, 1000, 117, 65535
10500, 192.168.8.5, 1200, 192.168.8.2, 1000, 118, 65535
11000, 192.168.8.5, 1200, 192.168.8.2, 1000, 119, 65535
